[
    {
        "a":"独木造高楼， 没瓦没砖头， 人在水下走， 水在人上流（打一用具）",
        "b":"雨伞"
    },
    {
        "a":"他有你没有，地有天没有（打一字）",
        "b":"也"
    },
    {
        "a":"运动会上都有（打一字）",
        "b":"云"
    },
    {
        "a":"大雨下在横山上（打一字）",
        "b":"雪"
    },
    {
        "a":"天黑之前闲不着（打三字常用语）",
        "b":"白忙活"
    },
    {
        "a":"早不说晚不说（打一字）",
        "b":"许"
    },
    {
        "a":"一个黑孩， 从不开口， 要是开口， 掉出舌头。  （打一植物果实）",
        "b":"瓜子"
    },
    {
        "a":"两只小口袋， 天天随身带， 要是少一只， 就把人笑坏。 （打一物）",
        "b":"袜子"
    },
    {
        "a":"人脱衣服， 它穿衣服， 人脱帽子， 它戴帽子。 （打一物）",
        "b":"衣帽架"
    },
    {
        "a":"弟兄七八个， 围着柱子坐， 只要一分开， 衣服就扯破。 （打一植物）",
        "b":"蒜/大蒜"
    },
    {
        "a":"颜色白如雪， 身子硬如铁， 一日洗三遍， 夜晚柜中歇。  （打一生活用品）",
        "b":"碗"
    },{
        "a":"白嫩小宝宝， 洗澡吹泡泡， 洗洗身体小， 再洗不见了 （打一生活用品）",
        "b":"香皂"
    },{
        "a":"身穿绿衣裳， 肚里水汪汪， 生的子儿多， 个个黑脸膛。 （打一植物）",
        "b":"西瓜"
    },{
        "a":"像只大蝎子， 抱起似孩子， 抓挠肚肠子， 唱出好曲子。 （打一乐器）",
        "b":"琵琶"
    },{
        "a":"一个老头， 不跑不走； 请他睡觉， 他就摇头。 (打一物)",
        "b":"不倒翁"
    },{
        "a":"驼背公公， 力大无穷； 爱驮什么， 车水马龙。 (打一物)",
        "b":"桥"
    },{
        "a":"头戴红帽子， 身披五彩衣， 从来不唱戏， 喜欢吊嗓子。 (打一动物)",
        "b":"公鸡"
    },{
        "a":"先修十字街， 在修月花台， 身子不用动， 口粮自动来。 (打一动物)",
        "b":"蜘蛛"
    },
    
    {
        "a":"陕西人十分好（打一字）",
        "b":"附"
    },{
        "a":"画中人（打一字）",
        "b":"佃"
    },{
        "a":"弹丸之地（打一字）",
        "b":"尘"
    },{
        "a":"铁公鸡（打一成语）",
        "b":"一毛不拔"
    },{
        "a":"一块变九块（打一成语）",
        "b":"四分五裂"
    }
]

	
	
	
	